Season_Epi_code,Pitched_Business_Identifier,Pitched_Business_Desc,Deal_Status,Deal_Shark
629,Bee Thinking,"beehives in various modern designs . Matt Reed started Bee Thinking and builds hives in Portland, Oregon from Western Red Cedar. Matt pitches the Sharks to go big with Bee Thinking so everyone can have a backyard bee hive.",0,
629,Budsies,a company that creates custom plush toys based on children's drawings ,0,
629,Forus Athletics,workout and athletic shoes ,0,
629,PullyPalz,"a pulley system to keep two pacifiers available to infants in case they lose one . Who hasnâ€™t had to pick up and suck the dirt off (yuck!) the pacifier that junior just spit out, but really wants back in a hurry? Well, now PullyPalz creates peace wherever you go. Junior can spit all he wants and grab that pacifier himself without it touching the ground.",1,LG
628,BeeSweet Lemonade,honey-sweetened lemonade with flaxseed ,1,DJ
628,BrandYourself,software to improve search results for individuals and businesses ,0,
628,iCPooch,"a device that allows two-way video chat between pets and their owners and can dispense treats . Itâ€™s hard to travel when you have a lovable puppy at home, especially when he/she cannot come along for the journey. Now there is a way to communicate and interact with your puppy while being states away. Introducing iCPooch, an innovative way to not only chat with your puppy, but also dispense treats for him/her.",0,
628,The Home T,"a line of clothing and accessories focusing on the customer's home state or land . Have you ever been walking the streets of a large metropolitan area and have people asking you where youâ€™re from (because obviously you arenâ€™t fitting in)? The Home T offers a simple solution to this situation. You can now purchase a t-shirt that has your home state on it, with a simple, yet elegant â€œhome.â€ on the front. Available in crew neck, v-neck, baseball tâ€™s, tank tops, hoodies and more! The company also sends a portion of proceeds to multiple sclerosis research and all products are made right here in the USA!",0,
627,Beneath the Ink,"a service that integrates annotated supplementary information into e-books . Beneath the Ink pitches the Shark Tank and introduces â€˜Binksâ€™ which allow publishers and authors to include extra information within their digital ebooks to give readers access to more information, related titles and even, perhaps â€“ other revenue generating options. Beneath the Ink pitches Shark Tank for a deal. ",0,
627,Melni Connectors,a simpler connector for industrial electrical cables ,1,MC
627,NeatCheeks,"wipes flavored with stevia for cleaning children's faces . NeatCheeks is a â€˜sweet flavored face wipeâ€™ that is clean, tasty, and a safe way to clean baby faces without slathering them in chemical cleaners and the nasty smells of sanitizer. No more fuss wiping your lil faces around the table.",1,BC
627,PittMoss,an alternative to peat moss manufactured from recycled newspaper . Harvesting peat moss is an environmental task and disturbs wetlands. Pitt Moss is a recycled paper substitute that has been thoroughly tested in labs and real use to replace peat moss and save the wetlands.,1,KOL+MC+RH
626,Frameri,"eyeglasses with interchangeable lenses and frames . Frameri brings us interchangeable frames and lenses â€“ simply pop the lenses out of one frame and into the one you want to wear next! Never worry about having only one frame to wear â€“ now you can coordinate, look good and still see clearly.",0,
626,The Paleo Diet Foods,"a meal bar designed for consumers of the paleo diet . How do you support your Paleo diet if youâ€™re out and about, or exercising? The Paleo Bar was invented to help you get the benefits of the Paleo Diet in a convenient nutrition bar. Now you donâ€™t have to cheat or compromise while inconveniently away from your stash of food.",0,
626,World Record Striper Company,"a rattle sinker that uses sound to attract fish, designed by the world record holder for the largest striped bass . Love to fish for Striped Bass? These amazing lures helped bag the World Record Striped Bass! These lures use sound to mimic crustaceans like baby lobsters, crabs, shrimp or crayfish to give you an extreme advantage to help you reel in the biggest fish youâ€™ve ever caught.",1,MC
626,Zero Pollution Motors,"a compressed air car manufactured by Motor Development International . Want to cut down on car exhaust? Use the AirPod from Zero Pollution Motors. At under $10,000 it runs on compressed air and has a top speed of about 50 mph. Forget the golf cart, the AirPod is the new coolest way to travel. Could it have heat and AC too? At speeds of 20mph to 30mph, it can travel 100 miles per compressed air tank.",1,RH
625,Sunscreen Mist,"a booth for automated application of sunscreen . You seen photo booths, but now there is Sunscreen Booths! Sunscreen Mist allows you to get misted with sunscreen â€“ your choice of 15/30 spf, and bug repellent, tanning agent, or even aloe. One less thing to carry with you. Now when youâ€™re at the beach, you donâ€™t need to stand down wind from that woman who sprays a whole bottle of sunscreen mist.",0,
625,SynDaver Labs,"synthetic human tissues and body parts for medical training and development . Thinking of becoming creepy? Well, now you can do it safely with artificial cadavers that are gross, creepy and realistic. And hey, you can even study medicine with them. So when youâ€™re friends find out youâ€™re a bit â€˜off kilterâ€™, you can just tell them your pre-med and donâ€™t want the stench of a dead body around â€“ totally norma.",1,RH
625,You Kick Ass,"personalized, customizable action figures ",1,Others
625,Zoom Interiors,an online interior design service . These 3 design ladies will help you transform your living space by learning about you. Itâ€™s almost like a match-making service where you get to figure out whatâ€™s best suited for you. But the girls donâ€™t come with the room.,1,Others
624,Buck Mason,"a line of basic men's clothing manufactured in the USA . Buck Mason is an American-made clothing line that features clothes that are of a â€œTimeless Designâ€ and really Made in America. Priced less that many high-end â€œmade elsewhereâ€ clothes you find in the mall, Buck Mason in the 21st century gives you a classic clothing line, made entirely in the USA and at a decent price.",0,
624,Noene USA,"ultra-thin shock absorbing shoe insoles . Bryon Scott, former NFL linebacker with four different teams, comes into the Shark Tank to pitch Noene, his high-tech insoles. Made in Switzerland, from a proprietary rubber, these insoles are designed to take the shock out of all your movement.",1,Others
624,SnagaStool,"a barstool reservation app . Snag a Stool is an app that solves the tired problem of hovering when waiting to get a seat in a crowded restaurant or bar. Only in Boston so far, this app helps you save a seat at a favorite spot on a busy or popular night.",0,
624,ZinePak,"exclusive merchandise and collectables for superfans of various entertainment media . Are you a super fan? ZinePak creates a super fan package including magazines, CDs, and lovable odds&ends that connect you more to your favorite entertainer, musician, or super pop star. Sometimes itâ€™s a special limited edition or itâ€™s widely available at super stores.",1,Others
623,Gato Cafe,"a cat café . Gato Cafe is an idea that comes to the Shark Tank to pitch a cafe full of cats. If you love cats, and there are many of you, and you want to go out to eat and be surrounded by them, well Gato Cafe is an idea you may love. Looking to open their first location Gato Cafe is still in the funding stage and was recently on IndieGoGo. ",0,
623,Shark Wheel,"a helical wheel for skateboards that is more maneuverable and has better grip . The pitch to the Shark Tank is for square skateboard wheels â€“ ok almost square â€“ square plus semi-circular plus a sinewave. Invented for another reason, these wheels allow boarders to avoid crashing from dibree or rough terrain.",1,KOL+MC
623,Spikeball,"a variant of volleyball with a circular net in the middle of the field . Spikeball pitches Shark Tank a new game that is like four-square meets volleyball outdoor sport for pairs. Instead of a net, there is a small, round trampoline on the ground between the two teams and you spike the ball into it. With no out of bounds, youâ€™re sure to get exercise and have lots of fun.",1,DJ
623,Sway Motorsports,"an electric commuter vehicle with characteristics of a motorcycle and an all-terrain vehicle . Sway motorsports pitches the Shark Tank. Imagine a scooter with three wheels but instead of turning the wheels to turn, you lean, a bit like skiing meets the motorcycle. More fun, this electric, rechargeable scooter can go 40+ miles on a charge and is great for zooming safely around town.",1,MC
622,BoobyPack,a sports bra with pockets for holding valuables ,1,BC
622,Gold Rush Nugget Bucket,"a bucket and screen system to make panning for gold easier . Solving the tedious process of panning little grains of gold from debris, Gold Rush Nugget Bucket concentrates the tiny particles of gold in the pan beneath; making the gold panning process easy. Beautifully organizing particles of valuable rock, Gold Rush Nugget Bucket Gold Panning Kit is a gold mining dream.",1,RH
622,Lumi,"a do-it-yourself process for printing photos onto clothing . Want to design a shirt the modern way? Lumi Solar-powered t-shirt printing is the easiest way to print your own shirts and textiles. Featuring innovative, solar powered Inkodyne, Lumi is a printing kit that comes with everything you need print awesome, new-age patterns and colors on just about any clothing material you can get your hands on. Simply apply the ink for about 10 minutes on a nice sunny day and boom, done!",0,
622,Sseko Designs,"handcrafted sandals with interchangeable accents . Sseko Designs have a history of employing women in Uganda to make sandals, giving them the opportunity to earn money and pursue education. The sandal company is pioneer in producing t-strap sandals and unique custom sandals. Sseko also produces lace up and stylish ribbon sandals unlike footwear you have seen before.",0,
621,Aqua Vault,a locking container that can be attached to chairs and rails to secure valuables while swimming ,1,DJ
621,Echo Valley Meats,"the gourmet meat business founder returns to pitch his company again . Specializing in â€œold fashion butcher shopâ€ quality, Echo Valley Meats provides award winning meats out of Peoria, Illinois for the virtual gourmet online market. Its founder, Dave Alwan, is a third generation cattleman/farmer/businessman, whoâ€™s made it his mission to provide the best hams, smoked sausages, and other meats. He has traveled to Germany and Denmark to be trained by the best, and it shows! Although it primarily deals in high-quality meats, it also sells homemade cheese spreads, cinnamon roasted nuts, and cookie dough. You might have already gotten a taste of Echo Valley Meats as a product on Shark Tank, you can also go download their catalog to settle your cravings!",1,MC
621,EmazingLights,"LED-powered light gloves for gloving in dance clubs . Opening doors to creative expression, what was once a simple LED toy for music festivals, these gloves have created a community of Light Show artists to transform the way we think of entertainment and art. A trending product growing exponentially in popularity, EmazingLights provides LEDs, gloves, accessories, and apparel for light enthusiasts everywhere. Perfect for clubbing, musical events, and light shows, EmazingLights products are the first in a wave of new party accessories. Located in sunny California, they also puts on local events such as Friday Night Lights, BOSS Competitions, and the International Gloving Championship!",1,DJ+MC
621,Naja,"a lingerie brand . Najaâ€™s lingerie lines are built on the belief that a high-quality bra should not cost you $80+, but should also not sacrifice quality to attain a low price.Â Stylish in design, Naja underwear, bras, knickers and lingerie products feature a quality and attention to detail that only luxury brands tend to provide. Right down to the materials used for their memory foam cups, interior bra prints, and ultrasonic sealed bra straps. The products are also artsy, especially their â€œCheeky Knickersâ€ collection, which features prints with foods on them, kitty cats, and East Asian-inspired designs. Donâ€™t be alarmed though, if you like traditional designs and colors, Naja still has you covered (literally)! Naja also combines their business with an entrepreneurial stroke with their sewing program through the Golondrinas Foundation, which teaches single or head of household mothers to sew and make a living doing it! Add a little style to your behind and grab a pair now!",0,
620,GreenBox,"a pizza delivery box made out of recycled materials that can be broken down into plates and storage containers . Eco-friendly and 100% recyclable, the GreenBox Pizza Box is a game changer in the Pizza delivery industry. It is uniquely engineered to break up into four sturdy plates and still maintain itâ€™s box use for storing left overs. This eliminates the need to waste the likes of plastic wrap, aluminum foil disposable plates and more. Own a Pizza place? GreenBox offers customization to suit your branding! Get GreenBox, the pizza box of the 21st century.",1,Others
620,Phonesoap,"a device that uses ultraviolet light to remove bacteria from cell phones while charging them . â€“ UV Phone Device Sanitizer & Charger Have you ever taken a moment to realize how dirty our phones are? Whether you have or not, it is a fact that our phones are EXTREMELYÂ filthy. The truth is our phones are more bacteria-filledÂ than a toilet or the scum off the bottom of your shoe. Sure, you can use phone sanitizer wipes, but that can get somewhat costly and is rather inconvenient. Enter PhoneSoap Phone Sanitizer, the first and only of its kind and the easiest and most effective way to sanitize your phone. Killing 99.9% of germs with powerful UV lights,Â PhoneSoap allows you toÂ seamlessly sanitize your smart phone during the time you are charging.",1,LG
620,Tycoon Real Estate,"a crowd investing platform for real estate . Tycoon Real Estate, the online investment club for serious real estate investors seeking high-end, otherwise inaccessible private investments of virtually all asset classes. Discover deals, share expertise, invest together, and profit with Tycoon Real Estate.",0,
620,Victoria's Kitchen Almond Water,"a line of almond water beverages . Inspired by a very special grandmaâ€™s recipe from South France, Victoriaâ€™s Kitchen Almond Water is a tasty alternative to lemonade or Iced Tea and an absolute delight! Containing purified water, cane sugar, natural flavorsÂ andÂ extracts, Victoriaâ€™s Kitchen Almond Water uses only the best ingredients. The flavors include Original, Coconut and Organic Lemonade. Yum!",0,
619,Bello Verde,a custom suit and clothing label ,0,
619,Lumio,"an elegant lighting device that folds like an accordion . Lumio is simply one of those â€œoooh and ahhhâ€ kind of products. Dynamic and multi-functional, Lumio is a hard-cover book when closed and a bright and vivid lamp when opened. Lumio Book Lamp is perfect for when youâ€™re outdoors or on the go and also in the comfort of your own home. It opens up to a full 360 degrees and provides up to 8 hours of LED lighting when charged with a micro-USB charger. Lumio is available in two different book forms including Dark Walnut and Blonde Maple. Each set comes with magnetic wooden pegs for mounting and a leather strap for easy hanging.",1,RH
619,Napwell,a sleep mask that uses light to wake the user gradually . The Worldâ€™s First Napping Mask. Fall asleep gently and wake up refreshed with Napwell Sleeping Mask.Â ,0,
619,TurboPUP,"complete canine meal bars . Fuel your dog with TurboPup K9 Energy Bars. Healthy, human grade, all natural and grain-free, TurboPup is the go-to on the go treat for your pup. The Dog energy bar is a complete meal replacement and full of premium ingredients in one compact bar. TurboPup is a delightful, dog-approved pet food perfect for when you are out on a day hike, camping or an extended trip.",1,Others
618,BedRyder,a set of seats with restraints to be installed in the bed of a pickup truck to allow passengers to ride in truck beds legally ,0,
618,Coco Jack,a set of tools for easier opening of Thai coconuts and extracting the meat from within . Coco Jack is a safe and easy way to open young Thai Coconuts.,1,Others
618,Frill Clothing,"designers and producers of custom clothing for college sororities . Creating looks that empower young women, Frill Clothing designs unified and defined clothing for sorority girls.",1,Others
618,The Twin Z Pillow,"a pillow that is specially designed to aid mothers of multiple children feed two children simultaneously . Momâ€™s of twins, your prayers have been answered! The Twin Z Pillow is the FIRST and ONLY pillow for twins out there on the market today. The pillow has up to six uses; it can be used for breastfeeding and bottle feeding, tummy time, for support, for momâ€™s as a pregnancy pillow and toddlers too. All in all itâ€™s the perfect, most convenient soft pillow for mothers with multiples.Â This cushion is suitable for all sized babies and has a removable washable cover that can be put into any washer machine and dryer combination. Life EASIER for Momâ€™s with multiples!",1,Others
617,Keen Home,air vents for smart homes that can control air flow to individual areas ,1,Others
617,LuminAID,"an inflatable, solar powered lighting device ",1,Others
617,Scholly,an app that helps match students to scholarships ,1,Others
617,Taaluma Totes,backpacks made from traditional fabrics from various countries ,0,
616,Balm Chicky Balm Balm,a lip balm container with a secondary tip for sharing with others without spreading germs ,0,
616,BedJet,"a climate control system for maintaining beds at a desired temperature . Weâ€™ve all been there. Canâ€™t sleep because you are eitherÂ too hot or too cold. If only there was something you could do that would instantly make sleeping in your bed comfortable on any of these given nights. Your solution,Â is here. BedJet is a luxury climate control system that cools or heats within your bed. Itâ€™s especially perfect for couples who have opposite tastes for surrounding temperatures, as BedJet can control the climate of both sides of the bed. No, for real, one side can be cool and the other side warm.",0,
616,Drain Strain,"a sink stopper that keeps drains free from hair clogs . Tired of clogged drains? Drain Strain, the Never Clog Drain System is the solution to this annoying and costly problem. With Drain Strain, say good bye to high cost plumber calls and environmentally harmful chemicals for pouring use down your drain. Drain Strain is also preventative in terms of losing valuables such as jewelry and contacts. Drain Strain is easy to install and uninstall too! Just â€œTurn, Lift & Clickâ€.",1,Others
616,Fresh Patch,"a delivery service for patches of live grass for pet owners without yards . Fresh Patch is real grass and the perfect training solution for your new puppy. Alternative to the traditional pee pad, Fresh Patch uses natural grass, grabbing you petâ€™s instinctive attention. Fresh Patch is full disposable, requiring no emptying, cleaning or disinfecting. Since itâ€™s real grass here, it naturally absorbs urine and controls odors. Itâ€™s also very convenient, eco-friendly and very much affordable. Get your Fresh Patch today!",1,Others
615,BeverageBoy,a beverage koozie that floats in water ,1,DJ
615,FunBites,"plastic devices for cutting food into fun shapes for children who are picky eaters . Are your kids picky when it comes to eating healthy food or any food in generalÂ you know they would like if they just tried it? Funbites gives you a fighting chance! Funbites food cutter turns normal food into bite-sized fun shaped your children can enjoy. Coming in a variety of cool shapes and colors, Funbites is strong, durable and made in the USA. They are perfect for pancakes, deli meat, grilled cheese, quesadillas, burgers and more!",1,LG
615,Himalayan Dog Chew,"high nutrient dog treats made from specially processed yak cheese . OriginallyÂ createdÂ from an ancient Himalayan recipe, Himalayan Dog Chew are hard cheese snacks made of Yak and Cow Milk editable for all sized dogs. Containing all natural products and no preservatives, Himalayan Dog Chews are a healthy, high quality dog chew sure to give your pet plenty of eating entertainment.",0,
615,The Lip Bar,a line of lipsticks in nontraditional colors . Create any customized lipstick shade with the Lip Bar. Perfect for women looking for that unique and creative shade of lipstick.,0,
614,Eve Drop,a sliding clip that raises Christmas lights behind the eaves on a roof when out of season so they don't need taken down and rehung each year . NEVER hang your Christmas lights again. That is undoubtedly appealing to those whoÂ put up and take downÂ their Christmas lights every year.Â With Eve Drop Christmas Light Hangers you install the savvy light hangers once and then never again. After the holiday season you simply slide your lights up in seconds and hide them away under your eaves. Permanent Christmas lights. Life hack accomplished.,0,
614,Hoppy Paws,"stamp kits for simulating tracks left by holiday characters such as Santa's reindeer or the Easter Bunny . Create a new family tradition this Christmas and surprise your children with proof of a visit from Santa with Hoppy Paws stamp kit. Hoppy Paws â€œSantaâ€™s Reindeer Hoof Print Stamp Kitâ€ includes a stamp kit, mixing tray and a secret powderÂ to create a life sized, realistic Santaâ€™s reindeer hoof print. Hoppy Paws will also offer more of a library next year with Santaâ€™s Elf, the Easter Bunny, the Tooth Fairy and more!",1,BC
614,Q-Flex,"a personal acupressure device . Â Suffer from body soreness? Wife wonâ€™t give you a massage? A self acupressure massage device, the Q-Flex is designed to relieve common stress and tension by simply applying pressure to specific points of your body. It isÂ light in weight, durable and so easy anyone can use it. The Q Flex AcupressureÂ is made from high quality polycarbonate material which lets the device bend just enough without breaking.",1,BC
614,The Mensch on a Bench,"an alternative to The Elf on the Shelf for Jewish families . Another tradition for Hanukkah intended to bring families together, Mensch on a Bench was created by a father who wanted to teach his kids the meaning of the Jewish holiday, all while starting a new holiday tradition. The Mensch on a Bench set includes a 12â€³ plush Moshe doll, a hardcover book and removable bench.",1,LG+RH
613,Biaggi,"a line of collapsible, folding luggage designed to save space when not in use . EveryoneÂ with traditional luggage wishes that when they are not traveling their luggage would just disappear. Itâ€™s bulky, awkward and takes up way too much space. Enter . A line of collapsable, convenient, folding wheel luggage thatÂ you can easily store anywhere in the house when youâ€™re not using it.",1,LG
613,Gameday Couture,"fashionable sports team wear for women . Lady alumni, love sports but hateÂ the clothing? Well, the answer to your ugly jersey wearing woes has arrived. Gameday Couture has created aÂ fashion lineÂ of collegiate gameday apparel designed specificallyÂ for women. With over 35 university licenses available, finally you can proudly represent your team in style!",1,MC
613,Soaps Washes and Grooming Essentials,"an exfoliating and moisturizing soap bar specially formulated for men . From an award winning estheticianÂ comeÂ Soap Washes and Grooming Essentials. SWAG for short, are soapÂ products for men that exfoliate and moisturize sensitiveÂ skin to reduce razor burn and hair bumps. Itâ€™s natural, handcrafted, contains high quality ingredients and Barber and Physician approved.",0,
613,Zipz,"a proprietary container and brand for a single serving of wine, similar to Copa di Vino but in a resealable glass . Zipz Wine is the industryâ€™s answer to portable single serving wine that aluminum cans were for the soda industry.Â Its container is extremely durable with a high quality plastic vessel that looks identical to glassware. Zipz also has a patented CleanWrap technology that preserves the freshness and shelf life of this revolutionary wine product.",1,KOL
612,Earth Log,"an environmentally friendly recycled firelog . an organic, cleaner-burning firelog with better odors",1,LG
612,Kitchen Safe,"a container with a timer-lock closure to keep tempting food or items out of reach . Say hello to Kitchen Safe, the time locking container. Toted as a tool to build good habits and self discipline, the Kitchen Safe is intended to do more than just lock away the cookies from little Johnny until after dinner. Get creative with the TV remote and Xbox controller too. Man am I glad this wasnâ€™t invented during the 90s.",1,LG
612,MagicCook,"a portable cooking device that uses an instant heat pack to cook foods or liquids, not requiring power or fire . The Magiccook is a container that uses an instant heat pack to cook foods or liquids conveniently. Itâ€™s perfect for camping, fishing, hunting, boating, truck drivers, construction workers, field workers, hiking, at the office desk, anytime on the go, emergency situations and more.",1,DJ
612,Off the Cob,tortilla chips made with sweet corn instead of grain corn . corn tortilla chips manufactured from sweet corn as opposed to grain corn,0,
611,Bantam Bagels,"mini bagel balls filled with varieties of cream cheese . Bagel lovers UNITE! Bantam Bagels are compact ball shaped bagels pre-filled with artisan cream cheese. With 15 flavors ranging from your traditional â€œEverythingâ€ to â€œCookies and Milkâ€, these mini New York bagels are crispy, chewy and convenient. Perfect morning snack for when you are on the go and do not want to deal with the messy process of applying the cream cheese yourself. You are all in for a treat.",1,LG
611,Coffee Meets Bagel,"an online dating service that uses social media aspects to match singles . While it is easy to say â€œyetâ€ another dating app,Â contrast to the hookupÂ friendlyÂ  and Â offers another take at the realm of online dating. The conceptÂ ofÂ Â is simply getting setup with a profile andÂ networking through your social circle of friends to find a potential love interest. It takes out the arguably strange and shameful stigma that comes with the territory of online dating, and instead brings in a bit of that human element. It can virtually be compared to meeting a friend of a friend at a dinner party.",0,
611,Doorman,"a service that re-delivers packages ordered online during hours convenient to the customer . Never miss a package delivery ever again!  allows you toÂ schedule deliveries as late as midnight, 7 days a week! Perfect it you work late or do not want to be strapped to the inconvenient traditional delivery times. Try your first package for free with the ",1,RH
611,SkinnyShirt,"a cross between a button-down shirt and a camisole specially designed to reduce bulk .  SkinnyShirt gives you a collared shirt without the clunky bunchiness a normal collared shirt gives you. Skinny Shirt is perfectly knit cami combined with a favorite button down. 90% nylon and 10% spandex, the SkinnyShirt body is a stretchy knit that smoothes and better shapes around your figure. It can be paired with just about anything in your closet such as v-necks, crew necks, cardigans, shift dresses, blazers and more.",0,
610,Heidi Ho,"a dairy-free line of plant-based cheese spreads . If you are on a dairy-free diet and miss being able to eat cheese, Heidi Ho offers a dairy-free line of plant-based cheese spreads.  Heidi Ho products are dairy and gluten free, & many of them are also soy free. The cheese is made from organic nuts, seeds, vegetables, and herbs and spices.",1,LG
610,Pipsnacks,"a line of organic mini-popcorn snacks . Love the branding and packaging with this product. All natural, gluten free and selected as Oprahâ€™s â€œfavorite thingâ€ in 2012, Pipcorn is a delicious alternative to popcorn. The snack is non-GMO, vegan friendly and whole grain. Best of all? It does not get stuck in your teeth! Pipcorn is available in Truffle, Sea Salt, Kettle and Rosemary flavors.",1,BC
610,Squatty Potty,"a footstool that puts the user of a western toilet in a squatting position for more natural, healthier bowel movements . Apparently, weâ€™ve been going to the bathroom all wrong! As ridiculous as it sounds, bad toilet posture negatively affects your health (consitipation, hemorroids, bloating, IBS, etc.). Use the toilet right with Squatty Potty for fast and easy elimination. Ecco and Tao Bamboo are available in both 7â€³ and 9â€³ sizes.",1,LG
610,Storm Stoppers,protective window coverings for use during hurricanes as an alternative to plywood . Storm Stoppers are protective window coverings for use during strong storms or hurricanes as an alternative to plywood. The product is lightweight and you do not need screws or bolts to install them.  ,0,
609,Beardbrand,"a kit of facial hair maintenance products . While Lori Greiner does not get the beard thing, that doesnâ€™tÂ negate the fact Beardbrand created some solid grooming products for the lifestyle. Established in 2012, BeardbrandÂ produces beard oils that are made from high quality all natural ingredients that soften, give shine and smell great.",0,
609,Myself Belts,a velcro belt specially designed for young children . a velcro belt specially designed for young children,1,DJ
609,SingTrix,a karaoke system with pitch correction and various vocal effects . The guys that created Guitar Hero whipped up another gem with SingTrix. SingTrix is a decked out karaoke system with pitch correction technology and includes various vocal effects to make you sound like a legitimate rock star. You no longer have to down the hard stuff just to gather the courage to sing a few tunes.,0,
609,Titin,"a weighted workout shirt designed to increase exercise performance . Titin is a comfortable, weighted workout shirtÂ perfect forÂ the fitness buff.Â It is naturally fitted and geared to focus on the surrounding upper body major muscle groups. Titin is mentioned toÂ noticeably increase your endurance, running speed and overall athleticism.",1,DJ
608,Bottle Breacher,"beer bottle openers made from 50 caliber bullets . Do you or someone you know have issues opening bottles with style? Bottle Breachers can help fix that with their handcrafted 50 caliber bottle openers. Not only do they look cool on their own, but they can look even better with some personalized engraving.",1,KOL+MC
608,Man-Pack,"a multipurpose messenger bag for men . Men, do you wish you had a manly bag that you could use to hold all of your daily essentials? Man-Pack is your answer. Itâ€™s a multipurpose messenger bag for men.  Man-Packs are available in either canvas or leather. They are designed to hold a laptop or tablet, a water bottle, flashlights, pens, and other various items.",0,
608,Priority One Canine,professionally trained canine bodyguards . Ever wished you could have a bodyguard to protect you and your loved ones? Priorty One Canine offers professionally trained canine bodyguards. The dogs are not simply guard dogs but are well-trained family pets.  ,0,
608,The Natural Grip,a hand grip designed to help the user better handle fitness equipment . Natural Grips were designed to protect your palms from rips when lifting weights and crossfit training. The grips are made from a 100% zinc oxide cotton tape and are available in a variety of sizes and colors. a hand grip designed to help the user better handle fitness equipment,1,RH
607,Bottle Bright,an effervescent tablet for cleaning water bottles and other drinking containers ,1,LG
607,Evrewares,"reusable fabric sticker accessories such as humorous ties . Conceived from a mix passion for art and innovation (and admittedly some red wine),  are the Worldâ€™s First Sticky Accessory to the Plain White Tee. Far from a traditional stricker, evREwares are durable, reusable, interchangeable and do not leave any left-over sticker residue when removed. They are easy to take off and put right back on for creative repositioning. evReware ties come in a variety of stickers perfect for babys, kids and adults alike!",1,MC
607,Scratch & Grain Baking Co.,"kits with premeasured natural ingredients for making homemade cookies . Started by an unfortunate baking experience involving a mom, her kids and cookies that tasted like cardboard, Scratch & Grain Baking Company offers baking kits for amazingly delicious treats.  contain all-natural and GMO-Free ingredients. Most of these ingredients are certified organic and kids wonâ€™t even taste the difference because they are that good. Some of the Scratch and Grain baking kit flavors include Chocolate Chip, Classic Sugar, Oatmeal Raisin, Snicker Doodle, Chocolate Truffle and Chewy Peanut Butter!",1,BC
607,Vestpakz,"a combination backpack and vest for schoolchildren . Vestpakz, an innovative and quality back pack was originally invented by an inspired Sixth Grader, Christen Wooley about 15 years ago. Vestpakz saves space and protects your back even more importantly. They are perfect for school or plain recreational fun. The Vestpak is licensed by  back pack and comes equipped with two front zippered pockets and side slip pockets. It is lightweight and the fabric is water fabric. A really cool product created by an American young mind!",0,
606,FunCakes Rental,fake wedding cakes . fake wedding cakes,0,
606,Paper Box Pilots,"decorative stickers to make cardboard boxes look like vehicles . It really it true that all kids can have fun with a cardboard box. The possibilities are endless. Paper Box Pilots expands on this ideaÂ with their cardboard kits (includes box, stickers, guide and plans) that build out to look like a realÂ airplane, firetruck and race car. Your kids will love it.",1,KOL
606,Reviver,"freshening wipes for masking odors on clothing . Reviver offers freshening wipes for masking odors on clothing from the likes of smoking, that morning workout, and lunch at the Fish House. These wipes are for your clothes what gum is for your breath. Reviver also has wipes available for household pets that donâ€™t take too kindly to bath time.",1,LG
606,Table Jacks,a way to fix wobbly tables . a way to fix wobbly tables,0,
605,Jungle JumpaRoo,"a play structure for kids . Jungle Jumparoo is that backyard play structure that all the kids in the neighborhood gravitate to. Perfect for all ages to climb, swing, bounce and jump all at the same time, the Jungle Jumparoo has a safe sturdy base and encourages fun exercise for children. 10 minutes jumping on this thing is the equivalent to 33 minutes running.",0,
605,SunStaches,"novelty sunglasses with attached facial accessories . Got a party to attend, but want to hide your everyday identity â€“ Sun Staches has what you need â€“ sunglasses with mustaches â€“ novelty sunglasses with attached facial accessories.",1,DJ
605,The Caddy Girls,a company that provides all-female golf caddys . a company that provides all-female golf caddys,0,
605,The Red Dress Boutique,"an online mail-order service for afforable, fashionable outfits . an online mail-order service for afforable, fashionable outfits",1,MC+RH
604,BeatBox Beverages,"an innovative brand of box wine . Beatbox is an innovative, vibrant wine based cocktail compacted into a nifty old school boom box looking thing. Made with orange wine,Â each BeatBox contains over 7 bottles worth of mixed drink. It comes in Blue Razzberry Lemonade, Crandberry Limeade, Box Aâ€™Rita and Texas Sweet Tea flavors. Letâ€™s get this party started.",1,MC
604,EmergenSee,a personal security system smartphone app . a personal security system smartphone app,0,
604,Honeyfund,a crowdfunding service that allows wedding guests to donate money toward the honeymoon trip rather than purchase traditional gifts . a crowdfunding service that allows wedding guests to donate money toward the honeymoon trip rather than purchase traditional gifts,1,KOL
604,Oilerie USA,a chain of specialty olive oil stores . a chain of specialty olive oil stores,0,
603,DrumPants,"touch sensors you wear on your body that play music . With touch sensors you wear on your body, DrumPants is wearable technology that triggers over 100 built-in sounds including percussion, synthesizers, pianos and more.Â Jam anywhere with your headphones or external speakers and record your beats via apps like Loopy. Use DrumPants to play music in new ways and change the way you interact while out in the world today!",0,
603,Heart Pup,"a wearable sling for carrying a dog . Heart Pup is a fashionable, convenient and wearable scarf sling made from Italian cashmere wool. The dog sling comes with ergonomic wide knit fabric straps on both shoulders and holds your pet handsfree up to 26 pounds. With a Heart Pup dog carrier, take your best animal friend out and about with you where ever you go.",1,DJ
603,Ninja Cards,a game similar to darts that uses special throwing cards . Like darts? Like Ninjas? Well then do we have the perfect recreational activity for you. Ninja Cards is an addictive target card throwing game that is fun for all ages. The game comes with one 24Ã—24 board and one pack of 15 throwing cards.,0,
603,SoapSox,"plush toys that work as bath sponges . SoapSox washcloths are plush toys and the next generation of bath time washcloths for kids. Invented by two dads and approved by moms everywhere, your kids will have fun in the bath with these soft, vibrant and colorful animal characters and get clean at the same time. Great for the nervous little bathers.",0,
602,Kronos,"premium golf putters . For all you golfers who happen to be Kill Bill fans, Kronos is like the Hattori Hanzo of golf putters. For anyone else who doesnâ€™t get the reference, Kronos are beautifully designed, hand polished, premium built,  golf putters. They are assembled by the worldâ€™s finest craftsmen using only the best techniques with the highest quality materials. Not all putters are created equally.",1,RH
602,Roominate,"a construction set toy . Roominate is a brain stimulating, award winning toy perfect for aspiring young kids who love to learn and have fun. ItÂ is affiliated with STEM, touching on critical thinking within the Science, Tech, Engineering and Math fields. Roominate is toted as an open-ended version of LEGOs.",1,LG+MC
602,The Floating Mug Co.,"mugs and glasses with built-in coasters . Grand in idea yet simple and functional in design, The Floating Mug is aÂ smart mug that lets moisture roll down the side instead of building up liquid and spilling on you at the base. This is an absolute winner of a gift, especially for folks who have grown accustom to coffee spillage while on the go or at the office desk.",0,
602,Wedding Wagon,a van used as a mobile wedding chapel . a van used as a mobile wedding chapel,0,
601,Amber,a cellphone charging station . a cellphone charging station,0,
601,Bombas,"quality athletic socks . Bombas are really REALLY comfortable and quite possibly the only socks youâ€™ll ever want to wear for the rest of your life. BombasÂ are offered in ankle and calf form and they come in different sizes. There is an assortment of colors and they are available for Men, Women and Kids.",1,DJ
601,Hammer & Nails,a masculine nail salon . a masculine nail salon,0,
601,Sleeping Baby,"sleepwear for newborns that imitates the protection of the womb so they don't wake as easily . Any parent who has been through the rounds of raising a newborn knows how important swaddling a baby is. Swaddling isÂ the art of snugly wrapping a baby in a blanket for warmth and security, imitating their environment in the womb. Sleeping Baby is fantastic because itâ€™s swaddle-like, easy and wearable ready to go sleepwear.",1,DJ
529,Baker's Edge,innovative baking pans and accessories ,0,
529,BZbox,collapsible storage boxes . collapsible storage box design,1,LG
529,Foot Fairy,an iPad app which measures your child's foot size . an iPad app which measures your childâ€™s foot size,1,MC
529,Tie-Not,a water balloon filling and tying device . water balloon filler and tying device,0,
528,Bon Affair,a premium wine spritzer . a premium wine spritzer,1,MC
528,Cinnaholic,custom gourmet cinnamon rolls . custom gourmet cinnamon rolls,1,Others
528,Hargitt Marine Services,a treasure hunter who wants funding to salvage cargo from a sunken ship . a treasure hunter who wants funding to salvage cargo from a sunken ship,0,
528,Oru Kayak,"a kayak that can be folded into a compact suitcase . This is not just any ordinary Kayak. Itâ€™s a foldable, portable Kayak that performs with the best of â€˜em. All you need is 5 minutes to take it from backpackÂ to a boat. Aside from its convenience, itâ€™s highly durable as well. The Oru is offered in two models. The Bay and the premium Bay+.",1,RH
527,Angellift,facial lifting strips . facial lifting strips,1,LG
527,HangEase,a folding plastic clothes hanger . a folding plastic clothes hanger,1,Others
527,Susty Party,eco-friendly party supplies . eco-friendly party supplies,0,
527,The Bouqs Company,simplified floral bouquets . simplified floral bouquets,0,
526,Cerebral Success,"a brain supplement designed to enhance focus, memory, and mental energy . a brain supplement designed to enhance focus, memory, and mental energy",1,BC
526,Crio,a brewed drink made from cocoa beans . brewed drink made from cocoa beans,0,
526,Mo's Bows,handmade bowties . handmade bowties,0,
526,Rugged Maniac,an obstacle race event . an obstacle race event,1,MC
525,Fort Magic,a building and construction toy . a building and construction toy,0,
525,iLumi,"a versatile home lighting system controlled from a smartphone . Toted as the worldâ€™s smartest lights, iLumi is pre-programmed LED lighting that can be screwed into any existing fixture and wirelessly controlled by phone app. iLumi allows you to really set the mood and customize the lighting for every setting type. Great features are its simulated sunrise and ability to sync to the beat of any music.",1,Others
525,Intelli-Stopper Technology,a wine bottle stopper with an indicator that shows if there is air inside . a bottle stopper with an indicator that shows if there is air inside,0,
525,ZooBean,a subscription service for children's books . subscription service for childrenâ€™s books,1,MC
524,Fun Time Express,a trackless train ride for malls . a trackless train ride for malls,1,KOL+LG
524,PowerPot,a cooking pot that generates electricity as you heat up water . a cooking pot that generates electricity as you heat up water,1,MC
524,Quickstop Fire Sprinkler Tools,a simple tool to immediately stop water from a fire sprinkler . a simple tool to immediately stop water from a fire sprinkler,0,
524,Taylor Robinson Music,an online platform for finding music instructors . an online platform for finding music instructors,0,
523,Happy Feet,"fanciful slippers . If you are a slippers in the home kind of person, Happy Feet areÂ right up your alley. With superior quality and uniquelyÂ plumpÂ by design, Happy Feet slippers are ULTRA comfortable fuzzy slippers for both him and her. They are available in the Original Happy Feet design, Animal Characters, Holiday Themed Animals and your favorite sports teams. Aside from looking damn comfortable, these fat slippers keep your feet warn.",1,RH
523,Hold Your Haunches,leggings with a built-in shaper . leggings with a built-in shaper,1,BC+LG
523,Lord Nut Levington,gourmet peanuts . gourmet peanuts,0,
523,Velocity Signs,robotic sign waving machines . robotic sign waving machines,1,KOL+MC+RH
522,Kodiak Cakes,a whole grain flapjack and waffle mix . a whole grain flapjack and waffle mix,0,
522,Monkey Mat,a portable fabric floor covering . a portable fabric floor covering,1,LG+MC
522,Plated,a service that delivers pre-measured ingredients for various recipes to your door . a service that delivers pre-measured ingredients for various recipes to your door,1,MC
522,The Paint Brush Cover,a device that prevents paintbrushes from drying out . a device that prevents paintbrushes from drying out,1,LG
521,Chapul,energy bars made with cricket proteins . energy bar made of cricket proteins,1,MC
521,Garage Door Lock,a locking system for garage doors . garage door locking system,1,DJ
521,MorningHead,a cap for curing bed head hair . a cap for curing bed head hair,0,
521,Packback Books,a digital textbook rental service . a digital textbook rental service,1,Others
520,Boo Boo Goo,"a colored, waterproof liquid bandage . a colored, waterproof liquid bandage",1,KOL
520,Define Bottle,a water bottle specially designed for infusing fresh fruit flavor . a water bottle specially designed for infusing fresh fruit flavor,0,
520,Henry's Humdingers,spicy flavored honeys . spicy flavored honeys,1,MC+RH
520,iReTron,an electronics recycling service . electronics recycling service,1,BC+MC
519,RevoLights,"an innovative lighting system for bicycles . Menâ€™s Journal calls it â€œThe best bike lighting system in the world.â€ Revolights doesnâ€™t just look cool, it operates cool too. Revolights is revolutionary design for bikes that provides a fully functional headlight, brakelight and true 360 degree visibility. Some other awesome features is that it is water resistant, theft resistant and charges via USB connectivity.",1,RH
519,Squeeky Knees,clothing for crawling babies with built-in squeakers in the knees . clothing for crawling babies with built-in squeakers in the knees,0,
519,The Buffer Bit,a shoe buffing pad that attaches to a power drill . a shoe buffing pad that attaches to a power drill,0,
519,U-Lace,interchangeable mix and match shoelaces for easily changing the look and style of sneakers . interchangable mix and match shoelaces for easily changing the look and style of sneakers,1,MC
518,Bambooee,bamboo paper towels that are washable and reusable . bamboo paper towels that are washable and reusable,1,LG
518,Buzzy4Shots,a device that uses vibration to numb skin in preparation for medical shots . a device that uses vibration to numb skin in preparation for medical shots so they donâ€™t hurt,0,
518,Cheek'd,a unique dating service ,0,
518,ZipIt,a fitted sheet and sleeping bag combo for making beds quickly and easily . a fitted sheet and sleeping bag combo for making beds quickly and easily,0,
517,DDP Yoga,a fitness program based on yoga developed by former pro wrestler Diamond Dallas Page . a fitness program based on yoga developed by former pro wrestler Diamond Dallas Page,0,
517,Moberi,a bicycle-powered juice and smoothie cart . a bicycle-powered juice and smoothie cart,0,
517,Southern Culture Artisan Foods,specialty pancake and waffle mixes . specialty pancake and waffle mixes,1,BC
517,Spy Escape and Evasion,a spy school via seminar classes that teach defense tactics . a spy school via seminar classes that teach defense tactics,1,DJ
516,Cow Wow Cereal Milk,flavored milk that tastes like what's left at the bottom of a bowl of cereal . flavored milk that tastes like whatâ€™s left at the bottom of the cereal bowl,0,
516,Cycloramic,an app that takes 360-degree pictures by making the phone spin itself around . app that takes 360-degree pictures by making an iPhone spin itself around,1,LG+MC
516,Nexersys,a fitness and gaming platform . fitness and gaming platform,0,
516,The Cookie Dough Cafe,cookie dough in a jar that is designed to be eaten raw . cookie dough in a jar that is designed to be eaten raw,1,LG
515,FitDeck,custom playing cards for exercising . custom playing cards for exercise,0,
515,Freshly Picked,moccasins for babies . moccasins for babies,1,DJ
515,LifeCaps,emergency nourishment pills . emergency nourishment pill,0,
515,SwimZip,children's swimwear with UV sun protection . childrenâ€™s swimwear with UV sun protection,1,LG
514,Alaska Glacial Mud Co.,a facial mask made from Alaskan glacial mud . a facial mask made from Alaskan glacial mud,0,
514,Balloon Distractions,a business that provides balloon artists to restaurants to entertain customers while they wait for their food . a business that provides balloon artists to restaurants to entertain customers while they wait for their food,0,
514,InvisiPlug,powerstrips designed to blend in with hardwood floors . powerstrips designed to blend in with hardwood floors,1,LG
514,LockerBones,customizable shelving for school lockers . customizable shelving for student lockers,1,LG+RH
513,Bounce Boot Camp,a company that uses inflatable bounce houses as fitness equipment for children . a company that uses inflatable bounce houses as fitness equipment for children,0,
513,EyeBloc,a plastic cover for laptop webcams . a plastic cover for laptop webcams,0,
513,GrooveBook,a service that creates photobooks from your smartphone photos . a service that creates photobooks from your smartphone photos,1,KOL+MC
513,The Wall DoctoRX,an easy way to patch holes in walls . an easy way to patch holes in walls,1,RH
512,Cashmere Hair,"a luxury hair extension company . Cashmere Hair offers award winning, luxury hair extensions. They are of the highest quality superior remy human hair and undetectable, looking like your real hair.Â Cashmere Hair extensions are easy to clip in, very comfortable and full in design. Women, if hair extensions are apart of your style try the quality in Cashmere Hair!",0,
512,Lite-Netics,"magnetic Christmas lights . A revolutionary Christmas light product that uses magnets instead of traditional fasteners for simple installation,Â Lite-Netics have been tested to hold up against high wind forces, heavy rain, snow and other elements of the outdoors. Lite-Netics saves you labor intensive installation and from having to purchase other costly traditional attachment accessories.",0,
512,One Life Products,a Hanukkah tree topper for interfaith families ,1,DJ
512,Tipsy Elves,"a line of holiday clothing . Want to win the nicest ugly sweater contest? Tipsy Elves has created a line of clothing themed around the Christmas holiday and it is awesome.Â These are ugly Christmas sweaters on steroids. Tipsy Elves also has themed dresses, cardigans, pajamas and college alumni sweaters. Products available for Women, Men and Kids.",1,RH
511,De-Boned Baby Back Rib Steak,ribs with the bones removed so they can be eaten with a knife and a fork . ribs with the bones removed so they can be eaten with a knife and a fork,1,DJ
511,FoHawx,a line of accessories that attach to bike helmets . a line of accessories that attach to safety helmets,0,
511,SpiritHoods,furry hoods that resemble animals . furry hoods that resemble animals,0,
511,Virtuix Omni,a virtual reality platform that allows free movement . a virtual reality platform that allows free movement,0,
510,Chocomize,customizable chocolate bars . customizable chocolate bars,0,
510,Grace and Lace,knitted boot socks . knitted boot socks,1,BC
510,PurseCase,a mini purse cell phone case that carries your smartphone and a few essentials . mini purse cell phone case that carries your smartphone and a few essentials,1,LG
510,Yubo,personalized lunchboxes that are easy to clean . personalized lunchboxes that are easy to clean,1,KOL+RH
509,DoorBot,a doorbell with a camera and speaker that connects to your smartphone . a doorbell with a camera and speaker that connects to your smartphone,0,
509,Magic Moments,an app that allows you to put your photos on products that you can sell . iPhone application that allows you to put your photos on products that you can sell,0,
509,Slawsa,a cross between a coleslaw and a salsa . unique cross between a coleslaw and a salsa,0,
509,Surprise Ride,a monthly box of themed educational activities for children . a monthly box of themed educational activities for children,0,
508,BellyBuds,"speakers for playing music to the womb of expectant mothers . Your baby is already listening at just 20 weeks in the womb. Start the bonding even sooner with Bellybuds. Featured on shows like Modern Family and Keeping Up With the Kardashians, Belly Buds lets you share music, voices and other brain stimulating sounds before the birth of your baby.",0,
508,Paparazzi Proposals,a paparazzi-style photography business that captures your proposal without being seen . rent-a-paparazzi photography business that captures your proposal without being seen,1,Others
508,PetPaint,"colored hairspray for dogs . PetPaint is colored hairspray for your dog. Color him up for the big game, holiday event and more. Itâ€™s safe and rigorously tested. Itâ€™s the safest alternative to dog costumes and dog clothing, Veterinarian approved. The paint dries quickly within 20-30 seconds and can easily be washed off with mild shampoo and water.",0,
508,Schulzies Bread Pudding,bread pudding desserts . bread pudding desserts,0,
507,180Cup,a beer cup that doubles as a shot glass . beer cup that doubles as a shot glass,1,DJ
507,Better Life,100% natural cleaning products . 100% natural cleaning products,1,LG
507,Kymera Body Board,electric powered body boards . electric powered body boards,0,
507,Tree-T-Pee,a device for watering trees more efficiently . a device for watering trees more efficiently,1,Others
506,Elephant Chat,a literal elephant in the room to aid communication between spouses . a literal elephant in the room,0,
506,FiberFix,"super strong duct tape . 100 times effectively stronger than duck tape, with FiberFix you truly can fix just about anything. No really, just about anything. From sawed in half bikes toÂ leaky pipes and hoses, FiberFix is an inexpensive all around useful tool to have around the house at all times. Try it once and youâ€™ll never go back to duck tape.",1,LG
506,Ten Thirty One Productions,an entertainment company specializing in horror attractions . entertainment company specializing in horror attractions,1,MC
506,Total Merchant Resources,a company that provides small business loans . a company that provides small business loans,1,KOL
505,Bare Ease,hair removal numbing cream and underwear . hair removal numbing cream and underwear,0,
505,Rent A Goat,a goat renting service for an environmentally friendly way to take care of your lawn . goat rental for an environmentally friendly way to take care of your lawn,0,
505,RuffleButts and RuggedButts,a children's clothing line . childrenâ€™s clothing line,1,LG
505,Veggie Mama Garden Pops,"popsicles containing fruits and vegetables, sweetened with agave nectar . popsicles containing fruits and vegetables, sweetened with agave nectar",1,BC+MC
504,Hamboards,skateboards that ride like a surfboard . skateboards that ride like a surfboard,1,RH
504,Scan,a QR code application . a QR code application,0,
504,ScreenMend,window screen repair patches . window screen repair patch,1,LG
504,Sunday Night Slow Jams,a love songs radio show . a love songs radio show,0,
503,Fairytale Wishes,aromatherapy sprays for children . aromatherapy sprays for children,0,
503,Kookn' Kap,"a breathable, non-flammable cooking cap to keep aromas out of your hair . a breathable, non-flammable cooking cap to keep aromas out of your hair",0,
503,Rapid Ramen Cooker,a specially designed bowl for cooking ramen noodles . a specially designed bowl for cooking ramen noodles,1,MC
503,The Freeloader,a piggyback carrier for children . piggyback carrier for children,1,RH
502,Breathometer,a smartphone breathalyzer . a smartphone breathalyzer,1,DJ+KOL+LG+MC+RH
502,Kane & Couture,designer dog apparel and accessories . designer dog apparel and accessories,1,DJ+LG
502,Man Medals,medals for men doing chores . medals for men doing chores,0,
502,Mango Mango,mango preserves . mango preserves,0,
501,Lynnae's Gourmet Pickles,specialty pickles . specialty pickles,0,
501,Postcard on the Run,a mobile app for sending postcards . a mobile app for sending postcards,1,RH
501,RoloDoc,a system for upgrading communication between patients and medical professionals . a system for upgrading communication between patients and medical professionals,0,
501,Sweet Ballz,cake balls . cake balls,1,BC+MC
426,Ryan's Barkery,all-natural dog treats ,1,BC
426,Three Day Rule,an invite-only dating website . invite-only dating website,0,
426,Tom + Chee,a gourmet grilled cheese sandwich restaurant . gourmet grilled cheese and tomato soup restaurant,1,BC+MC
426,VerbalizeIt,a translator service . a translator service,1,KOL
425,Baby's Badass Burgers,a food truck company wanting to expand into a storefront ,0,
425,KaZAM,a non-pedal bike for helping children learn to ride . Kazam is a balance bike and a confidence builder for young kiddos learning how to ride. Itâ€™s designed to teach kids balance and momentum before they learn how to pedal on a traditional bike. Kazam is friendly for the 2-5 age range and a veryÂ cool alternative to training wheels.,1,BC+MC
425,Pink Shutter Photobooths,party photobooths . party photobooths,1,BC
425,Track Days,a potential movie idea involving motorcycle racing . a potential movie idea involving motorcycle racing,0,
424,Mee-Ma's Louisiana Gumbo Brick,a frozen gumbo base ,1,KOL+LG
424,MistoBox,artisan coffees from around the world delivered to your door . artisan coffees from around the world delivered to your door,1,MC
424,Squirrel Boss,a squirrel-proof bird feeder . squirrel proof bird feeder,0,
424,The Vermont Butcher Block & Board Company,premium wooden kitchen products . premium wooden kitchen products,0,
423,Shell Bobbers,"a shotgun shell converted into a fishing bobber . Shell Bobbers was initially an idea spawned when two best friends, Jeff and Dusty were out on a boat duck hunting. After discharging their shotgun, they noticed the empty shell floating straight up in the water. â€˜AHA!â€™. Made in the USA, Shell Bobbers comes 3 in a pack and isÂ perfect for the Bobber Fisher or even as a gift for the fishing enthusiast.",1,MC
423,The Mission Belt,"a ratcheting belt . This is the belt reinvented. The Mission Belt is modern, clean and offers a perfect fit for everyone. It also comes in many color variations.Â Rather then have holes that stretch or wear over time, The Mission Belt uses a ratcheting magnet that easily sizes up or down for a more waste-unique custom fit. By the way, for each belt purchased, a dollar is donated to fight global hunger.",1,DJ
423,Tremont Electric,a portable generator that uses kinetic energy to power small devices ,0,
423,Wicked Good Cupcakes,"mail-order cupcakes shipped in jars . Wicked Good Cupcakes is probably all you need to say to describe these cupcakes. Moist, decadent and layered with a variety of fillings, each cupcake comes topped with Wicked Good Cupcakesâ€™ famous frosting. The cupcake is packed inside a jar, containing no preservatives and lasts up to 10 days without any sort of refrigeration. Yummy!",1,KOL
422,Geek Chic,furniture for gamers . furniture for gamers,1,RH
422,Jones Scones,traditional British scones . traditional British scones,0,
422,LugLess,a luggage shipping and delivery service . luggage shipping and delivery,0,
422,Stella Valle,military-inspired costume jewelry . military-inspired costume jewelry,1,LG+MC
421,Echo Valley Meats,"a gourmet meat business . Specializing in â€œold fashion butcher shopâ€ quality, Echo Valley Meats provides award winning meats out of Peoria, Illinois for the virtual gourmet online market. Its founder, Dave Alwan, is a third generation cattleman/farmer/businessman, whoâ€™s made it his mission to provide the best hams, smoked sausages, and other meats. He has traveled to Germany and Denmark to be trained by the best, and it shows! Although it primarily deals in high-quality meats, it also sells homemade cheese spreads, cinnamon roasted nuts, and cookie dough. You might have already gotten a taste of Echo Valley Meats as a product on Shark Tank, you can also go download their catalog to settle your cravings!",1,MC
421,Gobie H2O,advanced filtered water bottles . advanced filtered water bottles,1,DJ
421,Liddup,a cooler with interior LED lighting . a cooler with interior LED lighting,1,KOL
421,Rootsuit,novelty cover-all costumes . novelty cover-all costumes,0,
420,Drop Stop,"a device to stop objects from falling between a car seat and the center console . Ever accidentally drop a quarter or a precious curly fry in between the crevices of your car seats? Another one of Lori Grienerâ€™s heroes, Drop Stop does exactly what it says and prevents objects from annoyingly falling between those hard to reach places of your vehicle.",1,LG
420,Simple Sugars,"a sugar scrub that nourishes and exfloriates skin . Simple Sugars is an all natural sugar scrub that nourishes and exfoliates the skin. Itâ€™s formulated to be gentle enough for daily use on even the most sensitive skin. The blend of all natural oils leave you feeling silky smooth without the need for additional lotion or moisturizer. Also available for Men, Simple Sugars providesÂ body scrubs, facial scrubs, foot scrub and more. Oh and it smells wonderful too!",1,MC
420,CoolWraps,shrink wrap gift bags ,1,MC
420,Traditional Fisheries,"a company that promotes consumption of lionfish, an extremely invasive species, in an effort to help the ecology . a company that promotes consumption of lionfish, an extremely invasive species, in an effort to help the ecology",0,
419,Baby Loves Disco,children's party entertainment . childrenâ€™s party entertainment,0,
419,CellHelmet,mobile device cases and screen protectors that include device repair service . mobile device cases and screen protectors that include device repair service,0,
419,CordaRoy's,bean bag chairs that convert into beds . bean bag chairs that convert into beds and that never go flat,1,LG
419,Lose 12 Inches With Any 12 Workouts,a fitness program that teaches how to improve workout efficiency . a fitness program that teaches how to improve workout efficiency and an exercise machine,1,DJ
418,Jeska Shoe Company,shoes that can change look and style . shoes that can change look and style,1,DJ
418,Neo Innovations,a home use tattoo removal device . a home use tattoo removal device,0,
418,Nuts 'n More,fortified nut butters ,1,MC+RH
418,Psi Bands,an acupressure wrist band for relieving nausea . an acupressure wrist band for relieving nausea,0,
417,Addison's Wonderland,customized children's bedspreads . customized childrenâ€™s bedspreads,0,
417,Hip Chixs,premium denim jeans . premium denim jeans,0,
417,Muddy Water Camo,more realistic camouflage for duck hunters . more realistic camouflage for duck hunters,0,
417,Proof Eyewear,handcrafted eyewear made from wood . Proof eyewear are handcrafted sunglasses made from wood framing that at one point started as a seed in the ground and grew into a tree. The process of building each frame is handledÂ by skilled artisans that have a deep passion and skill for wood making.,0,
416,Gotta Have S'More,s'more based muffins ,0,
416,How Do You Roll?,a create-your-own sushi restaurant . a create-your-own sushi restaurant,1,KOL
416,Pretty Padded Room,online psychotherapy services . online psychotherapy services,0,
416,SmartWheel,a prototype steering wheel that prevents distracted driving ,1,MC+RH
415,Grinds,"an alternative to chewing tobacco made from ground coffee . Coffee lovers unite, this is a cool one. Grinds are small pouches of flavored coffee that help you stay stimulated and focused. A healthy alternative to chewing tobacco, Grinds has plenty of B-Vitamins and other important nutrients to get you through the day. Are you grinding yet?",1,DJ+RH
415,Hoodie Pillow,"bed and neck pillows with attached hoods . Crafted from premium sweatshirt material, Hoodie Pillow is pure bliss, comfort and travelerâ€™s dream. The oversized hood allows for privacy and blocks light, while the memory foam pillow naturally allows your head and neck to rest. A perfect gift for a businessman or college student always on the go.",1,Others
415,My Cold Snap,an individual ice chest for single cans . an individual ice chest for single cans,0,
415,The Green Garmento,an eco-friendly garment bag . an eco-friendly garment bag,0,
414,Bibbitec,a baby bib that covers the whole body ,0,
414,CuddleTunes,a teddy bear that plays personalized messages . a teddy bear that plays personalized messages,0,
414,SoundBender,"a device that directs sound from iPad speakers towards the user . The ultimate sound enhancer for your tablet. Magnetically and tightly securing to your iPad, Soundbender works by guiding the sound from the speakers back in your direction. In doing so amplifies and enhances yourÂ listening experience for music, movies and video games. Soundbender comes in a variety of colors and attaches to the iPad 2, iPad 3 and iPad 4.",1,DJ
414,Xero Shoes,"sandals for barefoot runners . Studies have shown that being barefoot is better for your body and for your mind. With Xero Shoes Sandals you can abide by this mantra. A modern spin on traditional barefoot running, Xero Shoes are the most comfortable, versatile sandals on the market today. They are non slip, lightweight and protect your feet. Xero Shoes Sandals come in a variety of styles/colors and are available for men and women",0,
413,Coffee Joulies,"a capsule that absorbs and releases heat to keep warm beverages at a drinkable temperature for an extended time . Coffee Joulies is an example of a KickStarter campaign done right, garnering about $300,000 more fundingÂ then asked. Joules is a capsule that absorbs and releases heat to keep warm beverages at the temperature you want for a longer period of time than weâ€™re accustomed too. Great on beverages like coffee, tea, hot chocolate and more. If youâ€™re like me and at times neglect your recently poured cup of coffee while working at the computer, this is the perfect solution.",1,DJ+KOL+LG+RH
413,Sub Zero Ice Cream,an ice cream shop that creates fresh customized dishes that are instantly frozen using liquid nitrogen . an ice cream shop that creates fresh customized dishes that are instantly frozen using liquid nitrogen,0,
413,Teddy Needs a Bath,a bag for cleaning stuffed toys in the washing machine . a bag for cleaning stuffed toys in the washing machine,1,MC
413,Urbio,modular indoor planters for urban spaces . modular indoor planters for urban spaces,1,LG
412,ARKEG,an arcade game machine that doubles as a beer tap . an arcade game machine that doubles as a beer tap,0,
412,Dura-Tent,screen tent-like food covers . screen tent food covers,0,
412,Hot Tot,professional hair products for children . professional childrenâ€™s hair products,1,MC
412,The GameFace Company,peel-off face masks . peel-off face masks,1,LG+MC
411,Fat Ass Fudge,a homemade fudge company . a homemade fudge company,0,
411,Partie Poche,a fashion accessory for women that replaces a handbag by carrying her phone and essentials around her leg . a fashion accessory for women that replaces a handbag by carrying her phone and essentials around her leg,0,
411,The Coop,a children's party place . a childrenâ€™s party place,1,BC
411,The Living Christmas Company,a Christmas tree renting service . a Christmas tree renting service,1,MC
410,Corks Away,a wine cruise business . a wine cruise business,0,
410,Nearly Newlywed,"a bridal dress boutique which buys, sells, and rents online . a bridal dress boutique which buys, sells, and rents online",0,
410,Ruckpack,"a caffeine free energy drink developed by U.S. special forces . Looking for a legitimate energy drink? RuckPack is it. Created and tested by U.S. Special Operations Forces, RuckPack is an energy shot and nutritional supplement that redefines the energy drink. With 5g of Frutose, Vitamins B6 and B12 and Alpha GPC, RuckPack gives you an immediate short term boost of energy and peak performance nutrition. There is no caffeine or empty energy in these bottles, so you will avoid the shakes and jolts youâ€™d sometimes get with other energy solutions.",1,KOL+RH
410,Tie Try,a neck tie mail-order rental service . a neck tie mail-order rental service,0,
409,Drive Suits,motorized vehicle suits . motorized vehicle suits,1,KOL
409,Ice Chips,"a healthy xylitol hard candy . Candy that is good for you? Nahhh. YES! Ice Chips are a healthy xylitol, delicious, handcrafted hard candy that adult and children alike can enjoy. Created by two very hip grannies, Ice Chips originated in a garage in Yelm, Washington. Ice Chips offers a variety of juicy flavors including Berry Mix Tart, Peppermint, Licorice, Cinnamon, Lemon, Coffee and Cream and more!",1,BC+MC
409,PC Classes Online,a computer instruction service for baby boomers . a computer instruction service for baby boomers,0,
409,ReVestor,a real estate search engine . a real estate search engine,0,
408,Cool Wazoo,"a 5-in-1 baby mat cover . the Original 5-in-1 Convertible Baby Changing Pad, Swing Insert, Highchair Cover, Car Shade and Shopping Cart Cover.",1,LG
408,No Fly Cone,a fly trap that uses dog excrement as bait . a fly trap that uses dog excrement as bait,0,
408,PlateTopper,airtight plate covers . airtight plate cover,1,LG
407,SBU,an electric self-balancing unicycle . an electric self-balancing unicycle,1,KOL+RH
407,Scrub Daddy,"an innovative dish scrubbing tool . The phenomenon that is the Scrub Daddy. The perfect household cleaning tool works on just about anything you can think of. Not only is it suitable for typical household chores like doing the dishes, cleaning appliances and shower enclosures, but itâ€™s also useful for personal use, the outdoors and even washing your car.",1,LG
407,Shemie,modernized slips . modernized slips,0,
407,The Bear & The Rat,dog-friendly frozen yogurt . dog-friendly frozen yogurt,0,
406,Cousins Maine Lobster,a food truck serving lobster from Maine . mobile food truck,1,BC
406,Eco Nuts,natural soap nuts for laundry . natural soap nuts for laundry,0,
406,Freaker USA,beer koozies . beer koozies,0,
406,PRO-NRG,energy-infused flavored water . energy infused flavored water,1,DJ
405,Cozy Bug,a line of pillowcase dresses for girls . a line of pillowcase dresses,1,DJ
405,Marz Sprays,vitamin oral sprays . vitamin oral sprays,1,LG
405,Spatty,a miniature spatula designed to scrape small containers completely clean . a small spatula designed to scrape small containers completely clean,0,
405,Wired Waffles,energy-boosting waffles . energy-boosting waffles. 12 pack.,0,
404,Back 9 Dips,a chicken flavored dip . chicken flavored dip,1,LG+RH
404,Bag Bowl,a sleeve that converts zip-lock bags into temporary bowls . a sleeve that converts zip-lock bags into temporary bowls,1,LG
404,Lifter Hamper,a clothes hamper that raises as you empty it to ease bending over . a clothes hamper that raises as you empty it to ease bending over,0,
404,Zomm,"a device that alerts you if you forget your keys or phone . Zomm is an award winning key chain device for convenience, safety and security. Utilizing bluetooth technology, Zomm connects to your mobile smart phone and makes for seamless emergency connectivity. It makes for a good leash as well as an alarm rings when youâ€™ve lost or left your phone behind.",0,
403,FuzziBunz,"reusable baby diapers . According to kidsgrowth.com, in one year your newborn baby with go through over 2700 diapers. If you have twins like myself, thatâ€™s over 5,000 diapers (not an exaggeration) in one year alone. Whoa. With fuzzibunz youâ€™re choosing the opposite of this. Cloth diapers that are both comfortable and economical.",0,
403,Liz Lovely Cookies,"gluten free, vegan cookies . gluten free, vegan cookies",0,
403,Posture Now,"a posture correcting device . Many of us are culprit to slouching or maintaining bad posture. We now have a solution thatÂ knocks out this bad habit. The worldâ€™s leading posture trainer, the Posture Now is a wearable braceÂ that actsÂ as an effective guide and posture helper. By using this brace for as little as 10-30 minutes a day, it is 100% guaranteed toÂ improve and train yourself for a lifetime of permanent good posture.",1,MC
403,Rock Bands,bracelets made with allegedly healing stones . healing stones you wear on a bracelet,1,DJ+MC
402,Alpha M,a how-to-dress-for-success DVD series for men . a how to dress for success DVD series for men,0,
402,CATEapp,a smartphone app that hides messages from certain contacts . a smartphone app that hides messages from certain contacts,1,DJ+KOL
402,eCreamery,"mail-order personalized ice cream . eCreamery is an online custom ice cream and gelato shop where you choose your own flavor, mix-ins, packaging and even right down to the name of the Ice Cream itself. With eCreamery, you do not have to rely on your resident Ice Cream Man. Now you can have itÂ delivered right to your door. Send it to a friend or relative as a birthday gift, get well gift, as a congratulations for that job promotion and more.",0,
402,SurfSet Fitness,surfing-inspired exercise equipment . surfing-inspired exercise equipment,1,MC
401,Bev Buckle,a belt buckle which serves as a beverage holder . a belt buckle which serves as a beverage holder,1,BC
401,Body Walking,a massage service where the masseuse stands on the client . massage service which operates as masseuse standing on client,0,
401,Buggy Beds,bed bug glue traps . bed bug glue traps,1,BC+DJ+KOL+MC+RH
401,CoatChex,a ticketless coat checking system . a ticket-less coat checking system,0,
315,Cougar Limited,an energy drink for women . an energy drink for women,0,
315,Remyxx ReKixx Sneakers,fashionable shoes that are completely recyclable . fashionable shoes that are completely recyclable,1,DJ
315,The NitroForce Titan 1000,a home gym system . a home gym system,0,
315,UniKey Technologies,door locks operated by a smart phone application . door locks operated by a smart phone application,1,KOL+MC
314,Billy Blanks Jr.'s Dance With Me,a new fitness program created by the son of the creator of the best selling fitness DVD ever ,1,DJ+MC
314,CAB20,a rock band . a rock band,0,
314,Mix Bikini,mix and match bikinis . mix and match bikinis,1,BC
314,Wild Squirrel Nut Butter,a line of peanut butters . peanut butter made by college students,1,BC
313,AirBedz,air mattresses for truck beds . air mattresses for truck beds,0,
313,Boot Illusions,interchangeable covers to make heels into boots . interchangeable covers to make heels into boots,1,BC
313,Skyride,a human-powered monorail system . a human powered monorail system,0,
313,Villy Customs,customizable bicycles . customizable bicycles,1,BC+MC
312,Debbie Brooks Handbags,customizable handbags . customizable handbags,0,
312,Lollacup,"spill proof sippy cups . An innovative and stylish straw sippy cup, Lollacup makesÂ it simple for infants and toddlers to drink from the straw, even when the cup has been tilted.Â Lollacup is designed to be an easy to hold,Â effective sippy cup for your young one. Itâ€™s dishwasher safe and no problem to clean. Made in the USA and FDA approved, the Lollacup comes in a variety of colors.",1,MC+RH
312,Nail Pak,"a 3-in-1 nail polish, remover, and file . a 3-in-1 nail polish, remover, and file",1,LG
312,Trimi Tank,tank tops with interchangeable straps . interchangeable tank top straps,0,
311,Blondies Cookies,a cookie business ,0,
311,Copa di Vino,the wine in a glass creator returns to pitch his product again . proprietary container and brand for a single serving of wine by the glass,0,
311,The Sullivan Generator,a machine that produces natural energy from earth's rotation and gold as a by-product ,0,
311,ViewSport,T-Shirts with designs that appear when in contact with water . T-Shirts with logos that appear when in contact with water,0,
310,Bark’em’s To Go,pet food packaged to-go ,0,
310,Brewer’s Cow,beer flavored ice cream ,0,
310,GoGo Gear,fashionable motorcycle and scooter protective riding apparel . fashionable motorcycle and scooter protective riding apparel,1,DJ
310,The Ave Venice,customized shoe designs . customized shoe designs,0,
309,Instant Lifts,clear adhesives that improve the look of sagging skin . clear adhesives that improve the look of sagging skin,0,
309,MisoMedia,software for learning to play instruments ,1,MC
309,Tower Paddle Boards,a paddle board company ,1,MC
309,Vinamor,a wine aerator . a unique wine aerator,0,
308,Litter,a line of body jewelry ,1,DJ+MC
308,Nardo's Natural,a line of skin care products ,1,BC
308,Rent-A-Grandma,a babysitting service staffed by older women . babysitting service,0,
308,The Original Profender,a basketball training device . a basketball training device,0,
307,Kisstixx,flavored mix-and-match lip balms ,1,MC
307,Technology Enabled Clothing,clothing designed for portable electronics ,0,
307,The Heat Helper,a laundry dryer heat-recycling device . a laundry dryer heat-recycling device,0,
307,The Smart Baker,a line of home baking products ,1,BC
306,Esso Watches,a wristwatch with alleged health benefits . a wristwatch with supposed health benefits,0,
306,Five Minute Furniture,an easy-assembly furniture line . an easy-assembly furniture line,0,
306,Readerest Specsecure,a magnet that allows you to attach your glasses to your shirt so you won't lose them ,1,LG
306,The Painted Pretzel,a candy pretzel business . a candy pretzel business,1,MC
305,Ledge Pillow,a pillow for woman with large breasts . a pillow for woman with breast implants or large breasts,0,
305,M3 Girl Designs,a jewelry line for kids . two sisters and their mother who created a jewelry line for kids,1,LG+MC+RH
305,Talbott Teas,premium teas . premium teas,1,KOL
305,The Last Lid,a universal garbage can lid . a universal garbage can lid,1,DJ
304,Puppy Cake,a cake mix for dogs . a cake mix for dogs,0,
304,Show No,a towel that provides coverage to change out of a swimsuit in public . a towel that provides coverage to change out of a swimsuit in public,1,LG
304,The Swilt,a sweater and quilt combination . a sweater and quilt combination,0,
304,Wine Balloon,a way to keep wine good for longer . a way to keep wine good for longer,1,LG+MC
303,Chord Buddy,"a system for learning to play guitar . Is learning to play the guitar intimidating? Chord Buddy is the perfect teacher. EssentiallyÂ training wheels for your Guitar, Chord buddy teaches you how to play the instrument in just a short amount of time. Within weeks you will notice progress and gain some confidence to remove some tabs. It is promised that if you follow through with Chord BuddyÂ you can take off the contraption entirely and play like a free bird. I didnâ€™t say the song literally..",1,RH
303,Liquid Money,a fragrance that smells like money . a fragrance that smells like money,0,
303,Tail Lightz,a blinking accessory for jeans . a blinking accessory for jeans,0,
303,You Smell Soap,luxury soap . a way to keep wine good for longer,1,RH
302,I Want To Draw A Cat For You,an online service that creates and delivers custom cat drawings . an online service that creates and delivers custom cat drawings,1,MC
302,Invis-A-Rack,"a collapsable cargo rack for truck beds . Invis-A-Rack is a cargo management system designed toÂ beÂ a functional ladder rack that folds down sleekly when not in use. The invis-a-rack is light weight, durable and has non rusting strength. Itâ€™s high quality build is designed to withstand the tough labor work enviornment and last the lifetime of your truck.",0,
302,Salespreneur,a company that teaches how to become a good sales rep . a company that teaches how to become a good sales repÂ ,0,
302,Vegas Magic Show,a magic show act . a magic show act,0,
301,Business Ghost,a ghost writing service . a ghost writing service,0,
301,EZ VIP,a club reservation service . club reservation service,1,DJ+MC
301,My Wonderful Life,a funeral planning service . funeral planning service,0,
301,The Clean Bottle,easy to clean water bottles ,1,MC
208,Aldo Orta Jewelry,mass market versions of custom jewelry . mass market versions of custom jewelry,1,BC
208,CitiKitty,a toilet training product for cats ,1,Others
208,One Sole,shoes with replaceable tops ,1,DJ
208,Samson Martin,T-shirts for expecting moms . T-shirts for expecting moms,0,
207,Caddy Swag,a drink cooler designed for golf bags ,0,
207,Daisy Cakes,mail-order cakes . mail-order cakes,1,BC
207,Hot Mama Gowns,luxury maternity gowns . luxury maternity gowns,0,
207,Sweep Easy,a broom with a built-in scraper ,1,DJ
206,Fitness Stride,an exercise device . exercise device,0,
206,Flipoutz,armbands you personalize with coins . armbands you personalize with coins,1,DJ+KOL+RH
206,Mod Mom Furniture,modernized toy boxes . modernized toy boxes,1,RH
206,Pure Ayre,a more effective odor remover . a more effective odor remover,0,
205,CBS Foods,shrimp-based burgers ,0,
205,Copa di Vino,a proprietary container for a single serving of wine by the glass . proprietary container and brand for a single serving of wine by the glass,0,
205,Tippi Toes,a children's exercise program franchise . a childrenâ€™s exercise program franchise,1,MC
205,Wurkin Stiffs,magnetic collar-stays . magnetic collar-stays,1,BC+DJ
204,HyConn,a connector for fire hydrant hoses that is faster and easier to use ,1,MC
204,Man Candle,masculine scented candles ,0,
204,Origaudio,innovative portable speakers . innovative portable speakers,1,RH
204,Original Runner Company,aisle runners for weddings and special events . aisle runners for weddings and special events,0,
203,Broccoli Wad,a mafia-inspired money clip . mafia-inspired money clip,1,BC
203,Hillbilly Brand,"a specialty clothing brand marketed towards ""rednecks"" and ""hillbillies"". specialty clothing brand marketed towards",1,DJ+RH
203,Ride-On Carry-On,luggage with a built-in child chair ,1,BC
203,Uncle Zip's Beef Jerky,beef jerky made without preservatives ,0,
202,First Defense Nasal Screen,a personal air filtration system . personal air filtration system,1,DJ+KOL+MC
202,Toygaroo,a toy subscription service . toy subscription service,1,KOL+MC
202,Vurtego,extreme pogo sticks ,0,
202,Wake n' Bacon,an alarm clock that wakes you up with fresh bacon ,0,
201,Carsik Bib,a bib for carsick children ,0,
201,Ecomowers,an eco-friendly manual lawn mower that doesn't require blade sharpening ,0,
201,Games2U,mobile party games franchise ,0,
201,Hydromax,a hydration system for football players ,1,Others
115,Fridge Fronts,magnetic decorative covers for refrigerators . magnetic decorative finish for refrigerators,1,BC
115,Lightfilm,light-up decals for car windows . light-upÂ decalÂ for carÂ windows,1,DJ+RH
115,New Era Brands,clip-on gum and contact lens cases . clip-on gum and clip-on contact lens cases,0,
115,Thin Gloss,weight loss lip gloss . weight lossÂ lip gloss,0,
114,Caffeindicator,a decaf coffee testing system incorporated onto sweetener packets . a decaf coffee testing system incorporated onto sweetener packets,1,Others
114,Captain Ice Cream,an ice cream vending business . an ice cream vending business,0,
114,Legal Grind,a coffee shop that provides legal services . a coffee shop that provides legal services,0,
114,Lipstix Remix,a lipstick mold that combines used lipsticks into a new stick . a lipstick mold that combines used lipsticks into a new stick,1,BC+DJ
113,Grease Monkey Wipes,more effective cleaning and degreasing wet wipes . more effective cleaning and degreasing wet wipes,1,BC+RH
113,Podillow,a more comfortable tanning and massage pillow ,0,
113,The Factionist,an environmentally friendly T-shirt line . an environmentally friendly T-shirt line,0,
113,Wee Can Shop,a gift shop for children . a gift shop for children,0,
112,Hells Bells,a helmet company that has a patented method to produce 3-D designs ,1,DJ
112,Ink Flip,a mail-order printer ink refill service . a mail-order printer ink refill service,0,
112,Romp n' Roll,a children's entertainment center franchise ,0,
112,The Chef in Black,a dried Chinese salad dressing ,1,BC
111,Jump Forward,a technological solution for sports recruiting from high school to college . a technological solution for sports recruiting from high school to college,1,KOL+RH
111,Mr. Poncho,a poncho for mobile devices to avoid tangled headphones . a poncho created for iPhones and Blackberries as a solution to tangled headphones,0,
111,The Bobble Place,a custom bobble head doll company . a custom bobble head doll company,0,
111,Uroclub,a urologist who created a solution to bladder problems on a golf course ,1,Others
110,Llama Brew,liquid llama fertilizer . liquid llama fertilizer,0,
110,Nubrella,a wearable umbrella . new wearable design for an umbrella,1,DJ
110,Pillars of Slippers,an in-home shoe party franchise . in home shoe party franchise,0,
110,Qubits,a bendable construction toy . bendable construction toy,1,DJ
110,Send A Ball,greeting balls sent in the mail ,0,
109,Chill Soda,a healthy soda ,1,BC
109,Cornucopia,a veterinarian who created pet food he claims could extend a pet's life ,0,
109,Gayla Bentley Fashion,a fashion line for women over size 12 . a fashion line for women over size 12,1,BC+DJ
109,VirtuSphere,"a large sphere one can walk in to experience virtual reality environments . a large sphere used in simulating environments, which can be used in military training or for entertainment purposes",0,
108,Notehall,a website that buys and sells college class notes and study guides . a website that buys and sells college class notes and study guides,1,BC
108,Throx,a company that sells socks in sets of threes . a company that sells socks in sets of threes,0,
108,Treasure Chest Pets,an organizer for children designed like a stuffed toy . an organizer for children designed like a stuffed toy,1,BC+DJ
108,Washed Up Hollywood,a belt and belt buckle manufacturer . a belt and belt buckle manufacturer,0,
107,Boogie Box Fitness,"aerobics fitness programs, classes, and DVDs . a line of new aerobics fitness programs, classes and DVDs",0,
107,FunHouse,"an entertainment venue in Times Square, New York ",0,
107,Grill Charms,stainless steel tags that identify different cooking specifications of various meats when on the grill . stainless steel tags that identify different cooking specifications of various meats when on the grill,1,RH
107,Soy-Yer-Dough,soybean based modeling dough for those with a wheat allergy . a line of soybean based modeling dough aimed at those with a wheat allergy,1,DJ+KOL+RH
106,Element Bars,"a company that manufactures custom energy bars . Element Bars Custom Whole Food Bars lets you create your own custom energy bar by selecting the natural ingredients you prefer. The organic ingredients are hand selected and only the highest of quality make the cut. Element Bars are healthy and taste absolutely delicious. Choose your core granola flavor, fruits, nuts, sweets, boosts and name your bar what you want today!",1,Others
106,Kalyx,a line of sports bras ,0,
106,Pork Barrel BBQ,a barbecue sauce and spice rub . a new brand of barbecue sauce and spice rub. award winning sample pack.,1,BC
106,The Fizz,a reinvention of the root beer float that screws onto soda bottles . a reinvention of the root beer float that screws onto soda bottles,0,
106,Underease Underwear,protective underwear for flatulance . protective underwear for flatulance,0,
105,Body Jac,a fitness machine to make pushups easier . a fitness machine to make pushups easier,1,BC
105,Face Blok,a line of stylized surgical face masks . a line of stylized surgical face masks,0,
105,Good Grief Celebrations,a funeral concierge service . a funeral concierge service,0,
105,Granola Gourmet,a line of granola bars that diabetics can eat . a line of granola bars that diabetics can eat,0,
105,My Therapy Journal,a web site that allows people to write in a journal and gauge their emotional state . a web site that allows people to write in a journal and gauge their emotional state,1,KOL+RH
104,Coffee Brand Gifts,on plush toys . a company that holds the patents to put the words,0,
104,Coverplay,a slip cover for children's travel play yards ,1,BC
104,Gift Card Rescue,a web site that buys and resells unused gift cards . a web site that buys and resells unused gift cards,1,KOL+RH
104,Graffiti Removal Services,a graffiti removal service franchise ,0,
104,Soul's Calling,a line of inspirational accessories and gift items ,0,
103,50 State Capitals in 50 Minutes,flashcards to help memorize the USA States and their capitals . a deck of flashcards to help memorize the 50 USA States,0,
103,Kwyzta Chopstick Art,household items made from recycled chopsticks ,0,
103,Stress Free Kids,a line of books that use stress relieving techniques to calm kids to sleep . a line of books that use stress relieving techniques to calm kids to sleep,1,BC
103,Turbobaster,a cooking device for basting ,1,Others
103,Voyage Air Guitar,a guitar design that folds the guitar into a backpack . a guitar design that folds the guitar into a backpack,0,
102,A Perfect Pear,a gourmet food business . a gourmet food business,1,RH
102,Classroom Jams,a musical way to teach students Shakespeare . Who hasnâ€™t had to study Shakespeare? Marc Furigay created Classroom Jams â€“ a musical way to teach Shakespeare to high school kids. What better way to learn Ye Olde English than with music. And he get a deal with ALL the Sharks!,1,BC+DJ+KOL+RH
102,Crooked Jaw,a mixed martial arts clothing line . a mixed martial arts clothing line,0,
102,Lifebelt,a device that prevents the car from starting without the seat belt being fastened . a device that prevents the car from starting without the seat belt being fastened,0,
102,Sticky Note Holder,a Post-It note arm for laptops . a Post-It note arm for laptops,0,
101,Ava the Elephant," (Emmy the Elephant during show, trademarked as Ava after) a plastic elephant-shaped device that helps parents give small children oral medicine . (Emmy the Elephant during show, trademarked as Ava after) a plastic elephant shaped device that lets parents easily give small children oral medicine",1,BC
101,College Foxes Packing Boxes,a packing and organizing service based on an already successful business called College Hunks Hauling Junk . a spinoff professional packing and organizing service based on an already successful junk removal and moving business called College Hunks Hauling Junk,0,
101,Ionic Ear,an implantable Bluetooth device requiring surgery to insert the device into the user's head . an implantable Bluetooth device requiring surgery into your head,0,
101,Mr. Tod's Pie Factory,a pie company ,1,BC+DJ
101,Wispots,an electronic hand-held device for waiting rooms . an electronic hand-held device for waiting rooms,0,
